{"content":[{"name":"game.projectc","size":3441,"pieces":[{"name":"game.projectc0","offset":0}]},{"name":"game.arci","size":18688,"pieces":[{"name":"game.arci0","offset":0}]},{"name":"game.arcd","size":63081868,"pieces":[{"name":"game.arcd0","offset":0},{"name":"game.arcd1","offset":2097152},{"name":"game.arcd2","offset":4194304},{"name":"game.arcd3","offset":6291456},{"name":"game.arcd4","offset":8388608},{"name":"game.arcd5","offset":10485760},{"name":"game.arcd6","offset":12582912},{"name":"game.arcd7","offset":14680064},{"name":"game.arcd8","offset":16777216},{"name":"game.arcd9","offset":18874368},{"name":"game.arcd10","offset":20971520},{"name":"game.arcd11","offset":23068672},{"name":"game.arcd12","offset":25165824},{"name":"game.arcd13","offset":27262976},{"name":"game.arcd14","offset":29360128},{"name":"game.arcd15","offset":31457280},{"name":"game.arcd16","offset":33554432},{"name":"game.arcd17","offset":35651584},{"name":"game.arcd18","offset":37748736},{"name":"game.arcd19","offset":39845888},{"name":"game.arcd20","offset":41943040},{"name":"game.arcd21","offset":44040192},{"name":"game.arcd22","offset":46137344},{"name":"game.arcd23","offset":48234496},{"name":"game.arcd24","offset":50331648},{"name":"game.arcd25","offset":52428800},{"name":"game.arcd26","offset":54525952},{"name":"game.arcd27","offset":56623104},{"name":"game.arcd28","offset":58720256},{"name":"game.arcd29","offset":60817408},{"name":"game.arcd30","offset":62914560}]},{"name":"game.dmanifest","size":45342,"pieces":[{"name":"game.dmanifest0","offset":0}]},{"name":"game.public.der","size":162,"pieces":[{"name":"game.public.der0","offset":0}]}]}